,City,Lat,Lng,Max Temp,Humidity,Cloudiness,Wind Speed,Country,Date
0,nikolskoye,59.7,30.79,33.8,86.0,75.0,4.47,RU,1615914933.0
1,plettenberg bay,-34.05,23.37,65.44,78.0,76.0,11.65,ZA,1615914933.0
2,sao filipe,14.9,-24.5,72.66,73.0,0.0,13.85,CV,1615914933.0
3,nanortalik,60.14,-45.24,26.92,95.0,100.0,19.01,GL,1615914933.0
4,tumaco,1.8,-78.82,80.65,82.0,95.0,5.91,CO,1615914934.0
5,jamestown,42.1,-79.24,36.0,80.0,90.0,10.02,US,1615914934.0
6,bluff,-46.6,168.33,48.99,91.0,99.0,7.0,NZ,1615914758.0
7,tasiilaq,65.61,-37.64,23.0,93.0,90.0,39.12,GL,1615914935.0
8,hobart,-42.88,147.33,51.01,87.0,74.0,6.91,AU,1615914935.0
9,qaanaaq,77.48,-69.36,3.16,63.0,71.0,1.12,GL,1615914935.0
10,port elizabeth,-33.92,25.57,68.0,68.0,0.0,8.05,ZA,1615914935.0
11,cabo san lucas,22.89,-109.91,80.01,23.0,20.0,3.44,MX,1615914637.0
12,talkha,31.05,31.38,53.69,73.0,1.0,5.84,EG,1615914936.0
13,nhulunbuy,-12.23,136.77,77.0,94.0,46.0,1.14,AU,1615914936.0
14,rikitea,-23.12,-134.97,79.81,79.0,75.0,15.41,PF,1615914936.0
15,mehamn,71.04,27.85,17.6,73.0,75.0,19.57,NO,1615914937.0
16,nuuk,64.18,-51.72,15.8,79.0,90.0,18.41,GL,1615914661.0
17,chokurdakh,70.63,147.92,-26.72,91.0,44.0,8.32,RU,1615914937.0
18,linjiang,41.81,126.91,25.72,63.0,42.0,0.76,CN,1615914938.0
19,punta arenas,-53.15,-70.92,48.2,57.0,75.0,19.57,CL,1615914938.0
20,muros,42.78,-9.06,69.01,41.0,1.0,13.0,ES,1615914938.0
21,auki,-8.77,160.7,76.26,86.0,93.0,3.42,SB,1615914939.0
22,hermanus,-34.42,19.23,66.99,72.0,79.0,3.0,ZA,1615914939.0
23,sokoni,-6.43,39.55,84.2,74.0,20.0,11.5,TZ,1615914805.0
24,upernavik,72.79,-56.15,4.57,90.0,100.0,18.43,GL,1615914939.0
25,iqaluit,63.75,-68.51,-13.0,64.0,20.0,3.44,CA,1615914940.0
26,guangyuan,32.44,105.82,66.99,84.0,82.0,2.53,CN,1615914940.0
27,marzuq,14.4,46.47,65.77,57.0,1.0,7.94,YE,1615914940.0
28,monterey,36.25,-121.25,44.01,1.0,0.0,1.99,US,1615914941.0
29,busselton,-33.65,115.33,62.01,84.0,62.0,6.98,AU,1615914941.0
30,butaritari,3.07,172.79,80.74,77.0,99.0,10.27,KI,1615914941.0
31,dubai,25.26,55.3,77.0,57.0,0.0,5.75,AE,1615914743.0
32,san quintin,30.48,-115.95,55.24,53.0,58.0,21.05,MX,1615914942.0
33,port shepstone,-30.74,30.45,72.41,86.0,96.0,11.52,ZA,1615914942.0
34,esteio,-29.86,-51.18,93.0,49.0,20.0,4.61,BR,1615914942.0
35,isperih,43.72,26.83,39.24,96.0,100.0,8.41,BG,1615914943.0
36,pokhara,28.23,83.98,66.09,26.0,17.0,6.46,NP,1615914943.0
37,barrow,71.29,-156.79,-5.8,77.0,40.0,13.8,US,1615914944.0
38,coquimbo,-29.95,-71.34,69.8,56.0,0.0,14.97,CL,1615914944.0
39,atuona,-9.8,-139.03,79.29,69.0,4.0,14.63,PF,1615914944.0
40,acajutla,13.59,-89.83,84.2,58.0,40.0,2.3,SV,1615914944.0
41,tongzi,28.78,105.09,73.18,64.0,32.0,4.76,CN,1615914945.0
42,albany,42.6,-73.97,32.0,35.0,100.0,1.99,US,1615914737.0
43,vaini,-21.2,-175.2,66.2,100.0,75.0,8.05,TO,1615914945.0
44,saskylakh,71.92,114.08,-35.95,97.0,82.0,7.76,RU,1615914946.0
45,puerto ayora,-0.74,-90.35,82.4,78.0,20.0,6.91,EC,1615914679.0
46,cape town,-33.93,18.42,69.8,64.0,20.0,21.85,ZA,1615914822.0
47,abha,18.22,42.51,69.8,56.0,0.0,9.22,SA,1615914946.0
48,bukachacha,52.98,116.92,8.26,90.0,100.0,1.72,RU,1615914946.0
49,peterhead,57.51,-1.8,50.0,66.0,40.0,20.71,GB,1615914947.0
50,guerrero negro,27.98,-114.06,56.48,56.0,78.0,18.88,MX,1615914947.0
51,yellowknife,62.46,-114.35,0.0,84.0,75.0,8.05,CA,1615914772.0
52,ust-kuyga,70.02,135.6,-18.0,91.0,98.0,6.62,RU,1615914947.0
53,fengxian,34.7,116.59,44.87,41.0,88.0,7.38,CN,1615914948.0
54,paracin,43.86,21.41,45.0,81.0,75.0,11.5,RS,1615914948.0
55,kintinku,-5.88,35.23,80.6,54.0,20.0,6.91,TZ,1615914948.0
56,salvador,13.83,-88.92,86.0,51.0,40.0,6.91,SV,1615914856.0
57,coihaique,-45.58,-72.07,57.2,47.0,20.0,6.91,CL,1615914700.0
58,kiama,-34.68,150.87,66.99,68.0,78.0,1.99,AU,1615914949.0
59,mar del plata,-38.0,-57.56,75.99,83.0,90.0,4.61,AR,1615914905.0
60,hilo,19.73,-155.09,69.8,78.0,20.0,4.61,US,1615914702.0
61,provideniya,64.38,-173.3,2.21,95.0,89.0,6.76,RU,1615914950.0
62,bathsheba,13.22,-59.52,84.2,61.0,40.0,20.71,BB,1615914950.0
63,canutama,-6.53,-64.38,89.82,58.0,84.0,2.82,BR,1615914950.0
64,zhigansk,66.77,123.37,3.87,91.0,91.0,13.47,RU,1615914951.0
65,vila franca do campo,37.72,-25.43,62.6,77.0,20.0,14.97,PT,1615914951.0
66,linxia,35.6,103.21,47.1,39.0,63.0,2.24,CN,1615914951.0
67,arraial do cabo,-22.97,-42.03,89.6,66.0,0.0,12.66,BR,1615914952.0
68,adrar,20.5,-10.07,88.41,8.0,0.0,7.43,MR,1615914952.0
69,new norfolk,-42.78,147.06,51.01,71.0,53.0,1.9,AU,1615914952.0
70,nizwa,22.93,57.53,76.35,28.0,1.0,6.78,OM,1615914953.0
71,south sioux city,42.47,-96.41,36.0,93.0,90.0,8.05,US,1615914953.0
72,ushuaia,-54.8,-68.3,39.2,87.0,75.0,25.32,AR,1615914953.0
73,hokitika,-42.72,170.97,50.76,84.0,3.0,6.51,NZ,1615914756.0
74,alofi,-19.06,-169.92,69.8,100.0,98.0,1.14,NU,1615914954.0
75,san andres,12.58,-81.7,82.4,69.0,75.0,11.5,CO,1615914954.0
76,lagoa,39.05,-27.98,60.53,91.0,47.0,24.32,PT,1615914954.0
77,isangel,-19.55,169.27,76.42,85.0,2.0,7.02,VU,1615914955.0
78,tahe,52.33,124.73,7.32,89.0,0.0,4.18,CN,1615914955.0
79,college,64.86,-147.8,1.99,78.0,90.0,0.49,US,1615914955.0
80,te anau,-45.42,167.72,40.14,89.0,26.0,0.22,NZ,1615914956.0
81,pevek,69.7,170.31,-6.88,85.0,100.0,5.06,RU,1615914956.0
82,saldanha,-33.01,17.94,64.81,81.0,0.0,21.59,ZA,1615914956.0
83,san nicolas,18.17,120.6,78.84,81.0,99.0,1.95,PH,1615914957.0
84,bambous virieux,-20.34,57.76,80.6,74.0,40.0,8.05,MU,1615914957.0
85,keti bandar,24.14,67.45,76.98,72.0,17.0,15.26,PK,1615914957.0
86,mataura,-46.19,168.86,50.0,92.0,92.0,8.01,NZ,1615914958.0
87,boyolangu,-8.12,111.89,75.67,89.0,87.0,1.43,ID,1615914958.0
88,zabaykalsk,49.63,117.32,13.03,64.0,95.0,2.84,RU,1615914958.0
89,olafsvik,64.89,-23.71,40.86,92.0,98.0,10.67,IS,1615914959.0
90,torbay,47.67,-52.73,30.0,93.0,90.0,20.71,CA,1615914959.0
91,bay roberts,47.6,-53.26,30.0,93.0,90.0,18.41,CA,1615914959.0
92,beyneu,45.32,55.2,33.78,58.0,100.0,26.31,KZ,1615914960.0
93,clyde river,70.47,-68.59,-14.8,64.0,20.0,5.75,CA,1615914960.0
94,lata,40.16,-8.33,73.99,27.0,0.0,11.5,PT,1615914960.0
95,sitka,57.05,-135.33,35.6,80.0,90.0,5.75,US,1615914960.0
96,banda aceh,5.56,95.32,80.38,79.0,100.0,5.77,ID,1615914961.0
97,lisala,2.15,21.52,68.95,94.0,100.0,3.15,CD,1615914961.0
98,gornoye loo,43.71,39.6,53.6,82.0,75.0,2.24,RU,1615914962.0
99,clinton,42.59,-82.92,44.01,66.0,68.0,1.01,US,1615914962.0
100,lorengau,-2.02,147.27,81.86,69.0,34.0,1.79,PG,1615914962.0
101,tiksi,71.69,128.87,-11.13,98.0,100.0,2.28,RU,1615914769.0
102,bredasdorp,-34.53,20.04,62.6,77.0,25.0,4.61,ZA,1615914963.0
103,hithadhoo,-0.6,73.08,82.11,73.0,96.0,7.43,MV,1615914963.0
104,raychikhinsk,49.78,129.41,17.15,92.0,95.0,11.63,RU,1615914964.0
105,balkanabat,39.51,54.37,46.56,48.0,47.0,23.2,TM,1615914964.0
106,taitung,22.76,121.14,72.77,83.0,33.0,6.15,TW,1615914964.0
107,ribeira brava,32.65,-17.07,64.4,68.0,20.0,21.85,PT,1615914965.0
108,galle,6.04,80.22,79.93,79.0,67.0,5.19,LK,1615914665.0
109,komsomolskiy,40.43,71.72,39.2,75.0,100.0,2.3,UZ,1615914965.0
110,kieta,-6.22,155.63,76.77,84.0,1.0,3.27,PG,1615914785.0
111,porto walter,-8.27,-72.74,81.64,89.0,100.0,3.38,BR,1615914675.0
112,dwarka,22.24,68.97,77.38,76.0,0.0,16.2,IN,1615914966.0
113,carnarvon,-24.87,113.63,78.8,83.0,40.0,13.8,AU,1615914966.0
114,saint george,37.1,-113.58,41.0,93.0,90.0,4.61,US,1615914933.0
115,xining,36.62,101.77,39.69,42.0,44.0,1.52,CN,1615914966.0
116,nouadhibou,20.93,-17.03,69.8,73.0,0.0,19.57,MR,1615914967.0
117,nouakchott,18.09,-15.98,87.8,25.0,0.0,12.66,MR,1615914967.0
118,puerto madryn,-42.77,-65.04,63.73,61.0,96.0,26.13,AR,1615914967.0
119,sao joao da barra,-21.64,-41.05,86.0,58.0,0.0,13.8,BR,1615914968.0
120,onalaska,43.88,-91.24,35.6,69.0,90.0,3.44,US,1615914968.0
121,bloomfield,40.81,-74.19,35.01,29.0,90.0,5.75,US,1615914968.0
122,anantapur,14.68,77.6,79.63,31.0,0.0,9.51,IN,1615914969.0
123,caravelas,-17.71,-39.25,84.78,55.0,14.0,9.46,BR,1615914969.0
124,vega baja,18.44,-66.39,82.99,62.0,21.0,5.01,PR,1615914969.0
125,fort nelson,58.81,-122.7,28.4,64.0,40.0,6.91,CA,1615914970.0
126,acapulco,16.86,-99.89,84.2,61.0,20.0,6.91,MX,1615914970.0
127,talcahuano,-36.72,-73.12,66.2,63.0,75.0,3.44,CL,1615914970.0
128,heihe,50.24,127.49,21.2,45.0,20.0,4.47,CN,1615914971.0
129,kapaa,22.08,-159.32,72.0,100.0,90.0,18.41,US,1615914971.0
130,chimbarongo,-34.7,-71.05,72.0,56.0,75.0,5.75,CL,1615914971.0
131,fairbanks,64.84,-147.72,1.99,85.0,90.0,0.25,US,1615914971.0
132,kavieng,-2.57,150.8,82.06,71.0,84.0,3.87,PG,1615914685.0
133,murgab,37.5,61.97,48.2,71.0,40.0,13.8,TM,1615914972.0
134,baker city,44.77,-117.83,26.01,79.0,90.0,5.84,US,1615914826.0
135,sur,22.57,59.53,75.11,63.0,0.0,4.23,OM,1615914972.0
136,hovd,48.01,91.64,19.8,51.0,5.0,4.0,MN,1615914973.0
137,ponta do sol,32.67,-17.1,64.4,68.0,20.0,21.85,PT,1615914973.0
138,ambalavao,-21.83,46.93,66.15,96.0,100.0,4.63,MG,1615914973.0
139,alta floresta,-9.88,-56.09,87.4,68.0,60.0,0.92,BR,1615914974.0
140,tatarsk,55.22,75.98,4.1,92.0,81.0,8.3,RU,1615914974.0
141,lebu,-37.62,-73.65,61.29,71.0,100.0,11.39,CL,1615914974.0
142,niquelandia,-14.47,-48.46,81.81,78.0,69.0,0.27,BR,1615914975.0
143,dikson,73.51,80.55,-28.68,99.0,75.0,3.74,RU,1615914975.0
144,jalalpur pirwala,29.51,71.22,75.25,28.0,29.0,7.16,PK,1615914975.0
145,belmonte,-15.86,-38.88,84.2,61.0,40.0,11.5,BR,1615914975.0
146,zaysan,47.47,84.87,7.43,85.0,82.0,1.61,KZ,1615914976.0
147,mekhe,15.11,-16.62,102.2,19.0,0.0,16.11,SN,1615914976.0
148,prado,-17.34,-39.22,83.41,59.0,21.0,8.88,BR,1615914977.0
149,venado tuerto,-33.75,-61.97,69.01,93.0,98.0,4.0,AR,1615914977.0
150,ulaangom,49.98,92.07,3.76,86.0,94.0,1.86,MN,1615914977.0
151,port hedland,-20.32,118.57,80.6,89.0,90.0,4.61,AU,1615914977.0
152,bon accord,53.83,-113.42,35.6,55.0,75.0,8.05,CA,1615914695.0
153,ulladulla,-35.35,150.47,62.01,88.0,99.0,9.22,AU,1615914978.0
154,uruana,-15.5,-49.69,82.2,69.0,93.0,2.19,BR,1615914978.0
155,tuktoyaktuk,69.45,-133.04,-22.0,76.0,20.0,5.21,CA,1615914978.0
156,gunjur,13.2,-16.73,86.0,42.0,0.0,9.22,GM,1615914979.0
157,pailon,-17.65,-62.75,84.2,61.0,75.0,21.85,BO,1615914979.0
158,palo alto,37.44,-122.14,53.01,71.0,1.0,6.91,US,1615914980.0
159,wangaratta,-36.37,146.33,62.6,77.0,90.0,2.3,AU,1615914980.0
160,puerto escondido,15.85,-97.07,84.2,74.0,1.0,9.22,MX,1615914980.0
161,klaksvik,62.23,-6.59,46.4,81.0,75.0,18.41,FO,1615914981.0
162,port alfred,-33.59,26.89,66.99,86.0,74.0,9.53,ZA,1615914981.0
163,bengkulu,-3.8,102.27,76.69,86.0,90.0,3.98,ID,1615914757.0
164,kita,13.03,-9.49,101.57,8.0,5.0,5.46,ML,1615914867.0
165,richards bay,-28.78,32.04,74.08,93.0,84.0,8.66,ZA,1615914808.0
166,vostok,46.49,135.88,21.16,96.0,100.0,5.91,RU,1615914982.0
167,manta,-0.95,-80.73,84.2,79.0,75.0,6.91,EC,1615914982.0
168,katsuura,35.13,140.3,60.8,63.0,20.0,11.5,JP,1615914982.0
169,axim,4.87,-2.24,83.59,74.0,5.0,10.87,GH,1615914982.0
170,acarau,-2.89,-40.12,85.03,67.0,47.0,12.08,BR,1615914983.0
171,loukhi,66.08,33.04,26.62,97.0,100.0,5.06,RU,1615914983.0
172,castro,-24.79,-50.01,81.1,57.0,7.0,5.44,BR,1615914983.0
173,chuy,-33.7,-53.46,79.09,61.0,100.0,12.53,UY,1615914984.0
174,conde,-7.26,-34.91,84.2,70.0,40.0,16.11,BR,1615914984.0
175,avarua,-21.21,-159.78,75.2,94.0,71.0,2.3,CK,1615914984.0
176,east london,-33.02,27.91,66.2,94.0,90.0,6.91,ZA,1615914985.0
177,havoysund,71.0,24.66,21.2,86.0,90.0,19.57,NO,1615914985.0
178,severo-kurilsk,50.68,156.12,34.32,98.0,100.0,10.25,RU,1615914705.0
179,kuytun,54.34,101.5,10.18,90.0,99.0,3.89,RU,1615914986.0
180,kruisfontein,-34.0,24.73,64.99,79.0,47.0,1.01,ZA,1615914986.0
181,frontera,26.93,-101.45,77.0,25.0,1.0,0.63,MX,1615914986.0
182,tecpan,14.76,-90.99,75.2,53.0,75.0,4.61,GT,1615914987.0
183,vao,-22.67,167.48,76.44,82.0,92.0,12.26,NC,1615914987.0
184,gamba,-2.65,10.0,80.06,77.0,86.0,6.93,GA,1615914987.0
185,chodavaram,17.83,82.95,73.71,80.0,0.0,2.3,IN,1615914988.0
186,ribeira grande,38.52,-28.7,62.6,94.0,75.0,14.97,PT,1615914988.0
187,oromocto,45.84,-66.48,21.99,30.0,20.0,13.8,CA,1615914988.0
188,maxixe,-23.86,35.35,80.6,78.0,20.0,6.91,MZ,1615914989.0
189,airai,-8.93,125.41,61.05,92.0,100.0,0.63,TL,1615914989.0
190,tecoanapa,16.52,-98.75,83.14,65.0,1.0,8.41,MX,1615914989.0
191,verkhnevilyuysk,63.45,120.32,12.49,91.0,95.0,7.74,RU,1615914989.0
192,ostersund,63.18,14.64,32.0,74.0,90.0,12.66,SE,1615914990.0
193,batemans bay,-35.72,150.18,61.0,86.0,97.0,1.01,AU,1615914797.0
194,longyearbyen,78.22,15.64,-9.4,70.0,20.0,11.5,SJ,1615914923.0
195,prince rupert,54.32,-130.32,41.0,93.0,90.0,9.22,CA,1615914904.0
196,taksimo,56.34,114.88,3.92,82.0,99.0,1.86,RU,1615914990.0
197,tigre,-34.43,-58.58,71.6,94.0,100.0,8.05,AR,1615914954.0
198,arman,59.7,150.17,8.78,70.0,3.0,9.33,RU,1615914991.0
199,le vauclin,14.55,-60.84,84.2,58.0,20.0,14.97,MQ,1615914991.0
200,bozeman,45.68,-111.04,37.0,69.0,1.0,5.75,US,1615914991.0
201,leningradskiy,69.38,178.42,-3.19,98.0,100.0,3.6,RU,1615914992.0
202,khatanga,71.97,102.5,-41.96,97.0,87.0,8.75,RU,1615914992.0
203,puerto maldonado,-12.6,-69.18,87.8,62.0,40.0,4.61,PE,1615914992.0
204,victoria,22.29,114.16,73.99,85.0,0.0,5.7,HK,1615914936.0
205,saint-philippe,-21.36,55.77,80.6,78.0,0.0,17.27,RE,1615914993.0
206,san patricio,28.02,-97.52,75.0,100.0,90.0,10.36,US,1615914993.0
207,polignano a mare,41.0,17.22,53.01,53.0,20.0,13.8,IT,1615914993.0
208,kytmanovo,53.46,85.45,3.42,95.0,74.0,5.21,RU,1615914994.0
209,serov,59.6,60.58,22.26,87.0,46.0,8.28,RU,1615914994.0
210,erzin,36.96,36.2,61.0,72.0,41.0,11.01,TR,1615914995.0
211,porto novo,6.5,2.6,86.0,74.0,20.0,16.11,BJ,1615914995.0
212,naze,28.37,129.48,64.53,81.0,5.0,9.82,JP,1615914731.0
213,kulhudhuffushi,6.62,73.07,83.44,71.0,0.0,8.37,MV,1615914995.0
214,wasilla,61.58,-149.44,15.01,92.0,90.0,5.75,US,1615914900.0
215,faya,18.39,42.45,68.0,63.0,0.0,9.22,SA,1615914996.0
216,cidreira,-30.18,-50.21,79.56,76.0,38.0,13.31,BR,1615914996.0
217,brae,60.4,-1.35,46.4,76.0,20.0,23.02,GB,1615914996.0
218,sisimiut,66.94,-53.67,4.6,84.0,96.0,4.94,GL,1615914724.0
219,san rafael del sur,11.85,-86.44,87.8,48.0,75.0,16.11,NI,1615914997.0
220,sungaipenuh,-2.08,101.38,65.05,94.0,100.0,2.77,ID,1615914997.0
221,pojuca,-12.42,-38.33,86.0,58.0,40.0,12.66,BR,1615914998.0
222,kahului,20.89,-156.47,69.8,94.0,40.0,9.22,US,1615914958.0
223,dunedin,-45.87,170.5,54.0,64.0,49.0,5.01,NZ,1615914814.0
224,tacuarembo,-31.73,-55.98,87.22,42.0,95.0,5.75,UY,1615914998.0
225,wajima,37.4,136.9,43.11,59.0,0.0,10.38,JP,1615914999.0
226,hobyo,5.35,48.53,81.16,76.0,63.0,14.03,SO,1615914999.0
227,tazovskiy,67.47,78.7,-13.34,83.0,89.0,13.65,RU,1615914999.0
228,quatre cocos,-20.21,57.76,80.6,74.0,40.0,8.05,MU,1615915000.0
229,omsukchan,62.53,155.8,-6.74,75.0,0.0,3.87,RU,1615915000.0
230,constitucion,-35.33,-72.42,64.96,60.0,90.0,9.4,CL,1615914785.0
231,kenai,60.55,-151.26,12.0,78.0,20.0,2.8,US,1615915000.0
232,cayenne,4.93,-52.33,86.0,62.0,40.0,13.8,GF,1615915001.0
233,mahebourg,-20.41,57.7,80.6,74.0,40.0,8.05,MU,1615915001.0
234,sept-iles,50.2,-66.38,15.01,26.0,20.0,10.36,CA,1615915001.0
235,maniitsoq,65.42,-52.9,10.54,81.0,62.0,8.08,GL,1615915001.0
236,thompson,55.74,-97.86,17.6,45.0,20.0,5.75,CA,1615914905.0
237,sabang,5.89,95.32,83.34,71.0,100.0,8.23,ID,1615915002.0
238,sunnyside,46.32,-120.01,45.0,56.0,1.0,1.54,US,1615915002.0
239,faanui,-16.48,-151.75,81.9,72.0,100.0,10.18,PF,1615915002.0
240,moissala,8.34,17.77,93.06,30.0,77.0,6.8,TD,1615915003.0
241,touros,-5.2,-35.46,87.8,58.0,40.0,16.11,BR,1615915003.0
242,hays,30.05,-98.03,72.0,89.0,84.0,1.01,US,1615914971.0
243,san antonio,29.42,-98.49,75.0,83.0,90.0,10.38,US,1615914831.0
244,thai binh,20.45,106.33,73.4,94.0,0.0,4.61,VN,1615915004.0
245,ankang,32.68,109.02,55.53,66.0,89.0,4.27,CN,1615915004.0
246,teguldet,57.31,88.17,11.1,93.0,100.0,8.28,RU,1615915005.0
247,kodiak,57.79,-152.41,28.4,50.0,1.0,8.05,US,1615915005.0
248,sabya,17.15,42.63,82.4,74.0,0.0,6.91,SA,1615915005.0
249,shahr-e babak,30.12,55.12,62.83,27.0,30.0,9.28,IR,1615915005.0
250,burns lake,54.23,-125.75,33.8,60.0,88.0,5.75,CA,1615914904.0
251,souillac,-20.52,57.52,80.6,74.0,40.0,8.05,MU,1615915006.0
252,mount gambier,-37.83,140.77,51.8,93.0,0.0,2.3,AU,1615914719.0
253,show low,34.25,-110.03,26.6,74.0,75.0,10.36,US,1615915007.0
254,kapit,2.02,112.93,72.95,93.0,60.0,0.13,MY,1615915007.0
255,victor harbor,-35.57,138.62,59.0,85.0,3.0,4.59,AU,1615915007.0
256,trinidad,-14.83,-64.9,84.2,74.0,40.0,9.22,BO,1615915008.0
257,mahina,-17.51,-149.49,80.6,65.0,40.0,5.75,PF,1615915008.0
258,milkovo,54.72,158.62,26.87,93.0,100.0,6.76,RU,1615915008.0
259,bilibino,68.05,166.44,-8.66,99.0,100.0,4.5,RU,1615915009.0
260,south yarmouth,41.67,-70.18,33.01,43.0,1.0,6.91,US,1615915009.0
261,namatanai,-3.67,152.43,77.94,85.0,94.0,8.61,PG,1615915009.0
262,hofn,64.25,-15.21,43.56,75.0,97.0,2.89,IS,1615915010.0
263,sorland,67.67,12.69,35.6,69.0,0.0,4.61,NO,1615914757.0
264,larsnes,62.2,5.58,36.0,80.0,75.0,2.3,NO,1615915010.0
265,hyeres,43.12,6.12,60.8,27.0,0.0,16.11,FR,1615914737.0
266,alice springs,-23.7,133.88,57.2,77.0,96.0,9.51,AU,1615914938.0
267,weyburn,49.67,-103.85,32.0,93.0,100.0,9.22,CA,1615915011.0
268,great falls,47.5,-111.3,37.0,51.0,1.0,6.91,US,1615914933.0
269,lokosovo,61.13,74.82,22.96,94.0,99.0,8.05,RU,1615915011.0
270,ponta delgada,37.73,-25.67,62.6,77.0,20.0,14.97,PT,1615915011.0
271,beloha,-25.17,45.05,77.74,75.0,12.0,14.07,MG,1615915012.0
272,vattalkundu,10.17,77.77,78.8,65.0,20.0,5.75,IN,1615914989.0
273,pokaran,26.92,71.92,81.9,13.0,49.0,7.54,IN,1615915012.0
274,hirara,24.8,125.28,71.94,83.0,18.0,11.77,JP,1615914722.0
275,cherskiy,68.75,161.3,-10.93,98.0,100.0,6.98,RU,1615915013.0
276,necochea,-38.55,-58.74,73.99,79.0,100.0,1.99,AR,1615915013.0
277,ostrovnoy,68.05,39.51,21.94,90.0,100.0,8.01,RU,1615915013.0
278,iona,26.52,-81.96,82.4,54.0,20.0,11.5,US,1615915014.0
279,dese,11.13,39.63,59.07,57.0,0.0,3.47,ET,1615915014.0
280,chihuahua,28.5,-106.0,73.0,4.0,1.0,19.57,MX,1615915014.0
281,doha,25.29,51.53,73.0,94.0,0.0,5.75,QA,1615915015.0
282,hamilton,39.18,-84.53,53.01,82.0,90.0,3.47,US,1615914904.0
283,georgetown,5.41,100.34,82.4,78.0,20.0,5.75,MY,1615915015.0
284,sinnamary,5.38,-52.95,81.46,69.0,66.0,10.96,GF,1615915015.0
285,winnemucca,40.97,-117.74,33.8,80.0,90.0,8.05,US,1615915016.0
286,ugoofaaru,5.67,73.0,83.61,66.0,15.0,7.7,MV,1615915016.0
287,port-gentil,-0.72,8.78,80.6,83.0,90.0,8.05,GA,1615915016.0
288,buala,-8.14,159.59,78.94,77.0,66.0,2.77,SB,1615915017.0
289,grand gaube,-20.01,57.66,78.01,81.0,68.0,3.0,MU,1615914742.0
290,kirakira,-10.45,161.92,77.68,81.0,83.0,1.92,SB,1615915017.0
291,jumla,29.27,82.18,43.2,70.0,32.0,3.15,NP,1615915017.0
292,bethel,41.37,-73.41,32.0,27.0,90.0,4.61,US,1615914843.0
293,merauke,-8.47,140.33,80.65,80.0,98.0,5.57,ID,1615915018.0
294,kloulklubed,7.04,134.26,80.6,83.0,75.0,6.91,PW,1615915018.0
295,vila,42.03,-8.16,66.0,45.0,0.0,11.01,PT,1615915018.0
296,vieques,18.43,-65.83,82.4,54.0,20.0,13.8,PR,1615915019.0
297,tenenkou,14.46,-4.92,99.54,9.0,0.0,10.96,ML,1615915019.0
298,malaya vishera,58.85,32.22,31.55,89.0,100.0,1.59,RU,1615915019.0
299,trelew,-43.25,-65.31,61.95,58.0,97.0,29.46,AR,1615915020.0
300,leh,34.17,77.58,26.42,51.0,49.0,4.23,IN,1615915020.0
301,araouane,18.9,-3.53,91.58,8.0,0.0,6.38,ML,1615915020.0
302,warmbad,-28.45,18.73,82.99,26.0,0.0,17.74,NA,1615915021.0
303,rocha,-34.48,-54.33,81.88,51.0,52.0,10.74,UY,1615914864.0
304,padang,-0.95,100.35,75.2,100.0,40.0,2.3,ID,1615915021.0
305,aripuana,-9.17,-60.63,92.75,49.0,54.0,2.93,BR,1615915022.0
306,polson,47.69,-114.16,41.0,78.0,45.0,2.75,US,1615915022.0
307,pangnirtung,66.15,-65.71,-18.4,69.0,40.0,2.3,CA,1615915022.0
308,krasnoselkup,65.7,82.47,-8.34,85.0,89.0,9.93,RU,1615915023.0
309,cockburn town,21.46,-71.14,78.8,61.0,40.0,10.36,TC,1615915023.0
310,pahrump,36.21,-115.98,44.01,63.0,15.0,4.0,US,1615914817.0
311,narsaq,60.92,-46.05,37.4,48.0,75.0,25.32,GL,1615915023.0
312,yar-sale,66.83,70.83,16.05,96.0,100.0,6.58,RU,1615915024.0
313,santa fe,-31.63,-60.7,71.01,87.0,100.0,1.99,AR,1615915002.0
314,ancud,-41.87,-73.82,59.0,58.0,20.0,9.22,CL,1615915024.0
315,ranghulu,46.65,124.87,23.9,51.0,38.0,5.97,CN,1615915024.0
316,laizhou,37.17,119.92,38.37,25.0,58.0,3.6,CN,1615915025.0
317,piterka,50.68,47.45,24.58,83.0,95.0,17.29,RU,1615915025.0
318,grimshaw,56.18,-117.6,32.0,51.0,20.0,14.97,CA,1615915025.0
319,dingle,11.0,122.67,76.96,88.0,50.0,3.83,PH,1615915026.0
320,makakilo city,21.35,-158.09,71.6,78.0,40.0,9.22,US,1615915026.0
321,ayagoz,47.97,80.44,0.55,87.0,76.0,9.42,KZ,1615915026.0
322,fortuna,40.6,-124.16,46.0,70.0,1.0,6.91,US,1615915001.0
323,codrington,-38.27,141.97,55.24,94.0,0.0,7.38,AU,1615915027.0
324,saint-andre-avellin,45.72,-75.07,32.0,58.0,75.0,4.61,CA,1615915027.0
325,salinas,36.68,-121.66,51.8,76.0,90.0,10.36,US,1615914992.0
326,severnyy,50.68,36.55,37.4,81.0,75.0,11.18,RU,1615915028.0
327,manhumirim,-20.36,-41.96,80.01,65.0,57.0,3.24,BR,1615915028.0
328,iranshahr,27.2,60.68,75.2,7.0,0.0,6.91,IR,1615915028.0
329,nelson,-41.28,173.28,53.01,79.0,15.0,1.01,NZ,1615914926.0
330,altay,47.87,88.12,11.84,83.0,75.0,1.57,CN,1615915029.0
331,coffs harbour,-30.3,153.13,64.4,94.0,75.0,5.75,AU,1615914739.0
332,mantua,45.17,10.78,57.0,16.0,20.0,9.22,IT,1615915029.0
333,kaitangata,-46.28,169.85,53.01,69.0,83.0,8.01,NZ,1615915030.0
334,ximei,24.96,118.38,66.2,88.0,0.0,2.24,CN,1615915030.0
335,taunton,51.02,-3.1,55.99,76.0,8.0,8.99,GB,1615915030.0
336,vila velha,-20.33,-40.29,88.0,58.0,20.0,16.11,BR,1615915030.0
337,lieksa,63.32,30.02,28.45,97.0,95.0,6.46,FI,1615915031.0
338,laguna,38.42,-121.42,48.99,66.0,1.0,4.61,US,1615914821.0
339,kendari,-3.94,122.5,78.84,82.0,43.0,1.59,ID,1615914976.0
340,vanavara,60.34,102.28,14.18,93.0,99.0,9.98,RU,1615915032.0
341,ahipara,-35.17,173.17,62.73,86.0,98.0,9.69,NZ,1615915032.0
342,barraute,48.43,-77.63,37.4,20.0,75.0,9.22,CA,1615915032.0
343,bridlington,54.08,-0.19,46.99,74.0,21.0,3.0,GB,1615915033.0
344,kelo,9.31,15.81,96.39,13.0,100.0,4.18,TD,1615915033.0
345,port keats,-14.25,129.55,78.3,84.0,100.0,1.16,AU,1615915033.0
346,bezhetsk,57.79,36.7,29.53,96.0,97.0,3.4,RU,1615915034.0
347,vredendal,-31.67,18.5,73.94,52.0,0.0,19.37,ZA,1615915034.0
348,vanimo,-2.67,141.3,78.13,84.0,92.0,2.06,PG,1615915034.0
349,esperance,-33.87,121.9,62.6,67.0,84.0,12.66,AU,1615915034.0
350,mocuba,-16.84,36.99,73.96,92.0,10.0,4.16,MZ,1615915035.0
351,iisaku,59.1,27.31,30.65,88.0,90.0,3.78,EE,1615915035.0
352,yaan,7.38,8.57,95.86,30.0,100.0,8.03,NG,1615915035.0
353,husavik,66.04,-17.34,41.0,65.0,40.0,17.27,IS,1615914840.0
354,samarai,-10.62,150.67,80.98,79.0,94.0,7.2,PG,1615915036.0
355,shubarkuduk,49.14,56.49,9.0,74.0,0.0,11.41,KZ,1615915036.0
356,aguadulce,8.25,-80.55,87.8,55.0,40.0,11.5,PA,1615915037.0
357,itanhem,-17.17,-40.33,87.82,38.0,17.0,3.76,BR,1615915037.0
358,peddapuram,17.08,82.13,80.6,69.0,20.0,5.75,IN,1615915037.0
359,bardsir,29.92,56.57,64.4,17.0,0.0,9.22,IR,1615915037.0
360,aksarka,66.56,67.8,6.03,95.0,100.0,10.04,RU,1615915038.0
361,valdivia,-39.81,-73.25,68.0,52.0,75.0,8.05,CL,1615915033.0
362,newport,51.59,-3.0,57.2,67.0,2.0,11.5,GB,1615915038.0
363,cuamba,-14.8,36.54,70.54,95.0,100.0,3.8,MZ,1615915039.0
364,hervey bay,-25.3,152.85,72.0,77.0,100.0,4.0,AU,1615914790.0
365,pisco,-13.7,-76.22,75.99,73.0,0.0,9.22,PE,1615915039.0
366,huarmey,-10.07,-78.15,78.42,68.0,80.0,11.12,PE,1615915039.0
367,tartus,34.89,35.89,60.8,59.0,75.0,11.5,SY,1615915040.0
368,suez,29.97,32.53,67.51,50.0,0.0,15.32,EG,1615915040.0
369,fergus falls,46.28,-96.08,32.0,80.0,90.0,5.75,US,1615915040.0
370,ahuimanu,21.44,-157.84,69.8,100.0,90.0,16.11,US,1615915041.0
371,akkermanovka,51.25,58.24,5.0,72.0,0.0,6.71,RU,1615915041.0
372,bubaque,11.28,-15.83,78.87,63.0,8.0,18.12,GW,1615915041.0
373,oranjestad,12.52,-70.03,82.4,65.0,75.0,19.57,AW,1615915042.0
374,onguday,50.75,86.15,8.06,93.0,49.0,1.21,RU,1615915042.0
375,srednekolymsk,67.45,153.68,-22.04,95.0,95.0,7.45,RU,1615915042.0
376,maltahohe,-24.83,16.98,78.17,15.0,0.0,19.73,NA,1615915042.0
377,aksu,41.12,80.26,48.76,36.0,86.0,5.35,CN,1615915043.0
378,yelatma,54.97,41.75,31.32,91.0,100.0,9.51,RU,1615915043.0
379,egvekinot,66.32,-179.17,-9.18,99.0,100.0,3.04,RU,1615914870.0
380,saint-francois,46.42,3.91,45.0,81.0,90.0,1.14,FR,1615915044.0
381,chadiza,-14.07,32.44,66.49,97.0,63.0,4.74,ZM,1615915044.0
382,coahuayana,18.73,-103.68,77.0,94.0,1.0,4.94,MX,1615915044.0
383,luau,-10.71,22.22,69.21,85.0,93.0,2.48,AO,1615915044.0
384,muriti,-1.98,32.92,69.8,78.0,75.0,12.08,TZ,1615915045.0
385,dickinson,29.46,-95.05,73.0,100.0,90.0,10.36,US,1615914883.0
386,tayu,-6.54,111.05,78.33,85.0,87.0,4.03,ID,1615915045.0
387,port hardy,50.7,-127.42,41.0,75.0,75.0,6.91,CA,1615914904.0
388,yarada,17.65,83.27,79.83,75.0,0.0,5.68,IN,1615915046.0
389,siukh,42.6,46.54,31.19,72.0,0.0,7.94,RU,1615915046.0
390,mananjary,-21.22,48.33,77.34,88.0,84.0,4.76,MG,1615915046.0
391,tongliao,43.61,122.27,26.87,38.0,23.0,5.53,CN,1615915047.0
392,methoni,36.82,21.7,54.0,58.0,40.0,18.34,GR,1615915047.0
393,san pedro,14.35,121.02,81.0,89.0,75.0,3.44,PH,1615914840.0
394,lasa,46.62,10.7,51.8,59.0,40.0,6.91,IT,1615915048.0
395,ler,8.3,30.14,90.55,32.0,73.0,7.31,SS,1615915048.0
396,sorochinsk,52.43,53.16,12.42,84.0,91.0,9.86,RU,1615914802.0
397,villa rica,33.73,-84.92,48.2,100.0,90.0,8.05,US,1615915048.0
398,outlook,51.5,-107.05,25.0,54.0,74.0,3.44,CA,1615915049.0
399,pacific grove,36.62,-121.92,50.0,78.0,10.0,4.0,US,1615915049.0
400,abbeville,50.1,1.83,48.99,71.0,100.0,14.52,FR,1615915049.0
401,dombas,62.07,9.12,17.15,85.0,16.0,5.26,NO,1615915050.0
402,itarema,-2.92,-39.92,86.25,62.0,45.0,11.95,BR,1615915050.0
403,santa lucia,27.91,-15.54,70.0,64.0,20.0,25.32,ES,1615915050.0
404,yerbogachen,61.28,108.01,15.42,93.0,96.0,10.69,RU,1615915051.0
405,grindavik,63.84,-22.43,44.6,100.0,90.0,14.97,IS,1615915051.0
406,jaisalmer,26.91,70.92,78.31,15.0,70.0,3.09,IN,1615914977.0
407,pasni,25.26,63.47,75.47,80.0,33.0,12.5,PK,1615915051.0
408,panaba,21.28,-88.27,90.68,43.0,0.0,17.83,MX,1615915052.0
409,talnakh,69.49,88.4,-32.44,94.0,35.0,0.56,RU,1615915052.0
410,beringovskiy,63.05,179.32,12.36,81.0,100.0,4.92,RU,1615915052.0
411,ahvaz,31.32,48.67,75.2,31.0,99.0,4.61,IR,1615914843.0
412,sambava,-14.27,50.17,79.3,87.0,93.0,8.03,MG,1615915053.0
413,chimbote,-9.09,-78.58,78.64,65.0,59.0,11.61,PE,1615915053.0
414,sterling,39.01,-77.43,43.0,70.0,90.0,8.05,US,1615914810.0
415,saint-augustin,51.23,-58.65,19.02,81.0,100.0,10.4,CA,1615915054.0
416,dehloran,32.69,47.27,73.24,31.0,13.0,9.8,IR,1615915054.0
417,coruripe,-10.13,-36.18,84.94,48.0,0.0,11.27,BR,1615915054.0
418,yazman,29.12,71.74,80.31,23.0,21.0,8.41,PK,1615915055.0
419,amahai,-3.33,128.92,78.22,82.0,73.0,4.14,ID,1615915055.0
420,bud,39.45,-86.18,46.99,100.0,90.0,2.73,US,1615915055.0
421,strezhevoy,60.73,77.59,26.6,74.0,90.0,4.47,RU,1615914860.0
422,celestun,20.87,-90.4,84.81,51.0,0.0,7.65,MX,1615915056.0
423,teya,60.38,92.63,11.93,91.0,100.0,8.68,RU,1615915056.0
424,oranjemund,-28.55,16.43,63.95,85.0,0.0,13.47,NA,1615915056.0
425,yelan,50.95,43.74,29.62,76.0,100.0,16.15,RU,1615915057.0
426,svetlogorsk,52.63,29.73,35.51,96.0,100.0,7.56,BY,1615915057.0
427,burlington,39.88,-74.64,39.99,44.0,90.0,9.22,US,1615914817.0
428,alihe,50.57,123.72,11.37,89.0,72.0,3.33,CN,1615914828.0
429,bam,29.11,58.36,68.5,19.0,82.0,1.79,IR,1615915057.0
430,trapani,37.83,12.67,55.4,76.0,20.0,9.22,IT,1615915049.0
431,sao francisco,-15.95,-44.86,85.14,52.0,54.0,4.38,BR,1615915058.0
432,zambezi,-13.54,23.1,71.87,81.0,98.0,2.68,ZM,1615915058.0
433,oktyabrskiy,54.48,53.47,13.87,86.0,100.0,8.93,RU,1615915058.0
434,praia da vitoria,38.73,-27.07,62.6,88.0,75.0,17.27,PT,1615915059.0
435,los llanos de aridane,28.66,-17.92,68.0,68.0,40.0,12.66,ES,1615915059.0
436,norman wells,65.28,-126.83,-22.0,76.0,20.0,2.3,CA,1615915059.0
437,luderitz,-26.65,15.16,67.28,74.0,0.0,19.22,NA,1615915060.0
438,davila,18.47,120.58,79.16,83.0,81.0,6.62,PH,1615915060.0
439,saint-joseph,-21.37,55.62,80.6,78.0,0.0,17.27,RE,1615915060.0
440,kisangani,0.52,25.2,72.72,86.0,98.0,3.65,CD,1615915061.0
441,luba,3.46,8.55,86.0,79.0,20.0,9.22,GQ,1615915061.0
442,grafton,42.21,-71.69,36.0,21.0,1.0,4.88,US,1615915061.0
443,gweta,-20.18,25.23,79.56,49.0,52.0,5.55,BW,1615915062.0
444,nsanje,-16.92,35.26,77.0,80.0,19.0,3.74,MW,1615915062.0
445,san salvo,42.04,14.73,46.0,58.0,76.0,5.01,IT,1615914987.0
446,vardo,70.37,31.11,17.6,86.0,75.0,17.27,NO,1615915062.0
447,argelia,2.26,-77.25,76.44,63.0,100.0,1.9,CO,1615915063.0
448,baykit,61.67,96.37,15.1,93.0,99.0,6.53,RU,1615915063.0
449,dukat,62.55,155.55,-8.43,80.0,11.0,3.94,RU,1615915063.0
450,aktau,43.65,51.2,39.2,30.0,75.0,26.84,KZ,1615915064.0
451,urumqi,43.8,87.6,24.8,100.0,75.0,4.47,CN,1615915064.0
452,praia,14.92,-23.51,80.6,44.0,0.0,16.11,CV,1615915064.0
453,san francisco,37.77,-122.42,51.8,58.0,20.0,6.91,US,1615914605.0
454,shrigonda,18.62,74.68,81.93,20.0,34.0,10.96,IN,1615915065.0
455,ilulissat,69.22,-51.1,10.4,72.0,75.0,11.5,GL,1615915065.0
456,griffith,41.53,-87.42,37.0,93.0,90.0,6.91,US,1615915065.0
457,teguise,29.06,-13.56,71.6,53.0,20.0,19.57,ES,1615915066.0
458,chicholi,21.47,79.68,79.97,23.0,25.0,3.44,IN,1615915066.0
459,rorvik,64.86,11.24,37.4,87.0,40.0,8.05,NO,1615915066.0
460,homer,59.64,-151.55,23.0,85.0,1.0,3.44,US,1615915067.0
461,piracuruca,-3.93,-41.71,88.3,65.0,70.0,1.01,BR,1615914911.0
462,presidencia roque saenz pena,-26.79,-60.44,98.01,37.0,17.0,8.01,AR,1615915067.0
463,bokoro,12.38,17.06,98.87,10.0,99.0,6.31,TD,1615915067.0
464,half moon bay,37.46,-122.43,52.0,66.0,40.0,8.05,US,1615915068.0
465,kuloy,61.03,42.49,26.42,93.0,82.0,5.79,RU,1615915068.0
466,petropavlovsk-kamchatskiy,53.05,158.65,41.0,70.0,75.0,6.71,RU,1615915069.0
467,barranca,-10.75,-77.77,77.47,66.0,38.0,12.15,PE,1615915069.0
468,flinders,-34.58,150.86,66.99,85.0,78.0,1.01,AU,1615915069.0
469,san buenaventura,27.08,-101.53,77.0,25.0,1.0,1.41,MX,1615915070.0
470,namioka,40.71,140.59,39.0,65.0,81.0,3.0,JP,1615915070.0
471,kungurtug,50.6,97.52,14.2,96.0,100.0,1.54,RU,1615915070.0
472,qandala,11.47,49.87,79.02,74.0,28.0,8.1,SO,1615915071.0
473,greenock,55.95,-4.76,55.0,58.0,70.0,13.8,GB,1615915071.0
474,rawson,-43.3,-65.1,59.95,66.0,98.0,29.55,AR,1615915071.0
475,nova olimpia,-14.8,-57.29,87.58,64.0,84.0,3.58,BR,1615915071.0
476,tolaga bay,-38.37,178.3,60.03,80.0,94.0,11.72,NZ,1615915072.0
477,west bay,19.37,-81.42,84.2,61.0,40.0,14.97,KY,1615915072.0
478,peniche,39.36,-9.38,68.0,46.0,0.0,11.99,PT,1615915072.0
479,pangai,-19.8,-174.35,77.0,94.0,20.0,4.03,TO,1615915073.0
480,kutum,14.2,24.67,80.04,8.0,17.0,7.85,SD,1615915073.0
481,yulara,-25.24,130.99,62.6,29.0,86.0,8.05,AU,1615915074.0
482,tefe,-3.35,-64.71,86.0,79.0,40.0,8.05,BR,1615915074.0
483,haines junction,60.75,-137.51,-0.4,78.0,34.0,2.3,CA,1615914838.0
484,palm beach,26.65,-80.45,81.0,70.0,18.0,5.99,US,1615915074.0
485,zarand,30.81,56.56,64.0,24.0,65.0,4.76,IR,1615915075.0
486,wau,7.7,28.0,86.63,41.0,100.0,2.26,SS,1615915075.0
487,novosergiyevka,52.09,53.65,10.6,82.0,83.0,7.87,RU,1615915075.0
488,jambi,-1.6,103.62,74.88,94.0,77.0,1.97,ID,1615914801.0
489,anito,12.45,125.29,77.09,90.0,1.0,4.27,PH,1615915076.0
490,belvedere marittimo,39.62,15.86,46.99,100.0,90.0,2.3,IT,1615915076.0
491,kununurra,-15.77,128.73,78.8,89.0,93.0,3.44,AU,1615915076.0
492,deputatskiy,69.3,139.9,-17.64,86.0,100.0,3.62,RU,1615915077.0
493,karratha,-20.74,116.85,83.17,61.0,20.0,6.69,AU,1615915077.0
494,khor,47.89,134.95,24.35,93.0,100.0,9.93,RU,1615915077.0
495,roma,43.21,-75.46,41.0,20.0,90.0,14.97,US,1615914792.0
496,tateyama,34.98,139.87,60.8,63.0,20.0,11.5,JP,1615915078.0
497,vestmanna,62.16,-7.17,46.4,81.0,75.0,18.41,FO,1615915078.0
498,mount isa,-20.73,139.5,77.0,57.0,40.0,10.36,AU,1615915078.0
499,geraldton,-28.77,114.6,73.4,83.0,100.0,7.65,AU,1615915079.0
500,san cristobal,7.77,-72.22,78.8,83.0,75.0,3.44,VE,1615914796.0
501,trincomalee,8.57,81.23,81.55,75.0,26.0,10.74,LK,1615915079.0
502,mishkino,55.34,63.92,21.83,86.0,100.0,11.41,RU,1615915079.0
503,mackay,-21.15,149.2,73.4,94.0,80.0,6.91,AU,1615915080.0
504,waipawa,-41.41,175.52,50.0,81.0,26.0,2.3,NZ,1615915080.0
505,ghanzi,-21.57,21.78,77.58,49.0,90.0,6.53,BW,1615915080.0
506,findhorn,57.66,-3.61,50.0,71.0,75.0,14.97,GB,1615915081.0
507,santo andre,-23.66,-46.54,86.0,51.0,20.0,9.22,BR,1615915081.0
508,taunggyi,20.78,97.03,61.63,33.0,0.0,2.08,MM,1615915081.0
509,kjopsvik,68.1,16.37,33.8,64.0,40.0,3.44,NO,1615915082.0
510,parfenyevo,58.48,43.41,32.67,94.0,100.0,5.59,RU,1615915082.0
511,verkhoyansk,67.54,133.38,-7.83,80.0,91.0,4.61,RU,1615914900.0
512,alcanede,39.41,-8.82,68.0,46.0,0.0,11.99,PT,1615915082.0
513,ambilobe,-13.2,49.05,74.61,97.0,100.0,3.02,MG,1615914831.0
514,yumen,40.28,97.2,34.56,20.0,92.0,10.13,CN,1615915083.0
515,samfya,-11.36,29.56,70.27,74.0,48.0,3.0,ZM,1615915083.0
516,barra do bugres,-15.07,-57.18,88.9,58.0,80.0,4.16,BR,1615915084.0
517,yemtsa,63.07,40.33,32.22,98.0,100.0,6.44,RU,1615915084.0
518,matara,5.95,80.54,77.02,88.0,64.0,6.58,LK,1615915084.0
519,pedernales,18.04,-71.74,81.54,57.0,0.0,6.58,DO,1615915084.0
520,olinda,-8.01,-34.86,82.4,57.0,20.0,14.97,BR,1615915085.0
521,bambanglipuro,-7.95,110.28,77.11,86.0,95.0,3.13,ID,1615915085.0
522,kot samaba,28.55,70.47,76.77,21.0,1.0,7.02,PK,1615915085.0
523,tanda,26.55,82.65,74.77,18.0,0.0,6.82,IN,1615915086.0
524,ibipora,-23.27,-51.05,91.4,46.0,40.0,6.91,BR,1615915086.0
525,havre-saint-pierre,50.23,-63.6,14.0,31.0,1.0,8.05,CA,1615915086.0
526,charlestown,-32.95,151.67,71.01,88.0,100.0,1.01,AU,1615915087.0
527,kovdor,67.57,30.48,17.24,92.0,96.0,7.76,RU,1615915087.0
528,harper,4.38,-7.72,82.02,80.0,31.0,12.26,LR,1615915087.0
529,igurubi,-4.0,33.7,74.16,57.0,98.0,9.04,TZ,1615915088.0
530,ambon,-3.7,128.18,78.8,89.0,40.0,3.44,ID,1615915088.0
531,westport,41.14,-73.36,30.99,31.0,75.0,4.61,US,1615915088.0
532,rio gallegos,-51.62,-69.22,51.8,30.0,75.0,27.63,AR,1615915089.0
533,ippy,6.27,21.22,76.08,71.0,46.0,4.74,CF,1615915089.0
534,igarka,67.47,86.58,-27.98,91.0,58.0,5.97,RU,1615915089.0
535,van wert,40.87,-84.58,45.0,87.0,90.0,2.98,US,1615915090.0
536,sarangani,5.4,125.46,82.83,76.0,12.0,10.36,PH,1615914805.0
537,urubicha,-15.38,-62.95,90.55,42.0,89.0,5.37,BO,1615915090.0
538,buta,2.79,24.73,76.5,75.0,92.0,2.1,CD,1615915090.0
539,maningrida,-12.07,134.27,78.15,81.0,100.0,2.51,AU,1615915091.0
540,hualmay,-11.1,-77.61,77.9,69.0,22.0,11.86,PE,1615915091.0
541,douentza,15.0,-2.95,98.64,9.0,0.0,13.96,ML,1615915091.0
542,salaverry,-8.23,-78.97,75.2,78.0,46.0,10.36,PE,1615915092.0
543,kikwit,-5.04,18.82,74.71,90.0,100.0,3.09,CD,1615915092.0
544,pirai do sul,-24.53,-49.95,75.99,51.0,2.0,1.99,BR,1615915092.0
545,avesta,60.15,16.17,41.0,56.0,75.0,4.61,SE,1615915093.0
546,skorodnoye,51.07,37.23,37.4,81.0,75.0,11.18,RU,1615915093.0
547,balabac,7.99,117.06,79.75,77.0,82.0,1.21,PH,1615915093.0
548,rincon,32.3,-81.24,78.8,53.0,90.0,12.66,US,1615914804.0
549,korla,41.76,86.15,46.89,39.0,12.0,5.79,CN,1615915094.0
550,agadez,19.75,10.25,84.09,11.0,11.0,7.31,NE,1615915094.0
551,san policarpo,12.18,125.51,80.17,83.0,0.0,3.94,PH,1615915095.0
552,qaqortoq,60.72,-46.03,37.4,48.0,75.0,25.32,GL,1615915095.0
553,kiunga,-6.12,141.29,73.38,99.0,100.0,1.63,PG,1615915096.0
554,payo,-3.75,103.64,73.26,97.0,82.0,0.94,ID,1615915096.0
555,tsiroanomandidy,-18.77,46.03,69.51,90.0,85.0,1.99,MG,1615915096.0
556,key biscayne,25.69,-80.16,80.6,57.0,75.0,11.5,US,1615915068.0
557,sochi,43.6,39.73,53.01,87.0,75.0,2.24,RU,1615915097.0
558,mersing,2.43,103.84,80.6,89.0,3.0,4.61,MY,1615915097.0
559,obo,5.4,26.49,69.64,89.0,100.0,5.01,CF,1615915097.0
560,lompoc,34.64,-120.46,51.8,54.0,1.0,9.22,US,1615915098.0
561,okha,53.57,142.95,15.53,76.0,100.0,17.81,RU,1615915098.0
562,tessalit,20.2,1.01,94.59,7.0,0.0,9.08,ML,1615915098.0
563,waynesville,35.49,-82.99,55.99,82.0,100.0,1.99,US,1615915099.0
564,ixtapa,20.7,-105.2,71.6,64.0,1.0,4.61,MX,1615915099.0
565,basco,20.45,121.97,78.51,87.0,62.0,19.28,PH,1615914828.0
566,noumea,-22.28,166.46,69.8,94.0,0.0,2.3,NC,1615915099.0
567,yambio,4.57,28.4,71.51,80.0,100.0,4.94,SS,1615915100.0
568,de aar,-30.65,24.01,70.36,45.0,41.0,5.91,ZA,1615915100.0
569,port blair,11.67,92.75,79.92,71.0,52.0,6.42,IN,1615914825.0
570,aginskoye,51.1,114.53,10.35,90.0,82.0,2.8,RU,1615915101.0
571,sarti,40.1,23.98,51.12,51.0,56.0,22.82,GR,1615915101.0
572,sungairaya,0.7,108.9,78.66,89.0,88.0,2.91,ID,1615915101.0
573,yuli,9.7,10.27,100.94,9.0,87.0,6.58,NG,1615915102.0
574,hasaki,35.73,140.83,50.0,81.0,20.0,5.75,JP,1615915102.0
575,tiarei,-17.53,-149.33,80.6,65.0,40.0,5.75,PF,1615915102.0
576,honningsvag,70.98,25.97,19.4,86.0,90.0,19.57,NO,1615915103.0
577,shakawe,-18.37,21.85,76.62,57.0,74.0,2.06,BW,1615915103.0
578,nabire,-3.37,135.48,75.02,91.0,92.0,4.25,ID,1615915103.0
579,metro,-5.11,105.31,74.3,90.0,75.0,3.94,ID,1615915104.0
580,masumbwe,-3.63,32.18,71.11,67.0,86.0,1.81,TZ,1615915104.0
581,waspan,14.74,-83.97,80.6,74.0,75.0,2.3,NI,1615915104.0
582,maldonado,-34.67,-54.92,82.0,57.0,90.0,11.5,UY,1615915105.0
583,sunrise manor,36.21,-115.07,48.2,46.0,1.0,3.94,US,1615914905.0
